11/14/2020,coinOK,1 DOGE Price: 0.00000017 BTC #doge #dogecoin 2020-11-14 17:15 https://t.co/tE8t36phKI
11/14/2020,Trading Edge,Binance | TRXBTC | 1h
Piercing with swing low formed at EMA20 key level.

$BTC $ETH $VET #bitcoin #altcoin‚Ä¶ https://t.co/wTiSsBHRjF
11/14/2020,Alt Cash,Win Dogecoin!! 1000 DOGE up for grabs in our seventh giveaway next giveaway will be 10000 Doge. Make sure you ente‚Ä¶ https://t.co/sTw3SqStD7
11/14/2020,Skipper,@JTS_Global @JTSGlobal_promo @CoinPaymentsNET @coinkit_ @cryptochri @europe_tron @Tronfoundation @BitTorrent‚Ä¶ https://t.co/IAhKj1JOQ9
11/14/2020,Alex M Boller,Almost forgot about them free bot retweets 
Got another then 
@dogecoin https://t.co/Sp2eXG7Oig
11/14/2020,QueenTrader_25,#dogecoin https://t.co/dVm47bP5tZ
11/14/2020,coinOK,1 DOGE Price: 0.00000017 BTC #doge #dogecoin 2020-11-14 16:15 https://t.co/oGXohWb15b
11/14/2020,„Éì„ÉÉ„Éà„Ç≥Âπ≥Á§æÂì°,Dogecoin„ÅåÁÑ°Êñô„Åß„ÇÇ„Çâ„Åà„Çã„Çµ„Ç§„Éà„Å†„Å†„ÉØ„É≥ÔºÅ
„Ç¶„Ç©„É¨„ÉÉ„Éà„ÅÆ„Ç¢„Éâ„É¨„Çπ„Å†„Åë„ÅßÁôªÈå≤„Åß„Åç„Çã„ÉØ„É≥„ÄÇ
„Ç≥„Ç§„É≥„Éù„ÉÉ„Éà„Å£„Å¶„ÅÑ„ÅÜ„Éï„Ç©„Éº„Çª„ÉÉ„ÉàÂêë„Åë„ÅÆÁ∑èÂêà„Ç¶„Ç©„É¨„ÉÉ„Éà„ÅåÊé®„Åï„Çå„Å¶„Çã„ÉØ„É≥„Å≠
ÊúÄËøë„Éâ„Éº„Ç∏„ÇÇ‰∏ä„Åå„Å£„Å¶„Çã„Åó„ÄÅÁä¨Âèã„Å™„Çì„Å†„ÉØ„É≥„ÄÇ
https://t.co/DJoztRang4
11/14/2020,SafeSeafoodCoin,We could not be happier to announce our newest listing. Be sure to register today and start your $SSF trading today‚Ä¶ https://t.co/JsOT1exTOf
11/14/2020,dogecoin.crypto,WE CAN MAKE $0.01
#dogecoin #doge 
#imgxnct #deletelarries #‡πÅ‡∏Ñ‡πà‡πÄ‡∏û‡∏∑‡πà‡∏≠‡∏ô‡∏ó‡∏µ‡πà‡∏î‡∏µ #aespa #TheGumbis‚Ä¶ https://t.co/re1dynDD0x
11/14/2020,CryptoChris,@husseinb @dogecoin @Dogecoinvalue @dogecoin_devs @ZigluMoney @yangli_ https://t.co/Nnw0X51JSV
11/14/2020,Jason Master,@husseinb @dogecoin @Dogecoinvalue @dogecoin_devs @ZigluMoney @yangli_ https://t.co/tQ67HlkclH
11/14/2020,Hussein Badakhchani,@dogecoin @Dogecoinvalue @dogecoin_devs If @ZigluMoney was prepared to enable buy #HODL sell send and save dogec‚Ä¶ https://t.co/f7uQVA1IYB
11/14/2020,Threadpool,@Titanoximus If you think there's a firmware without problems I've got a batch of dogecoin to sell you.
11/14/2020,Botty McBotface,DOGE Current Price (USD): $ 0.002763 Vol: DOGE 2565764545.6 Change (24h): -1.64% $DOGE #Dogecoin
11/14/2020,hoje,@Minority_Mike @dogecoin @dogecoin_devs 2-5c max imo
11/14/2020,Zachary Dane Fennel,@jaredctate @DigiByteCoin An honest question why doesnt the price ever change?
Ethereum is using one of our produc‚Ä¶ https://t.co/7M0EYiH4ra
11/14/2020,Alt Cash,Win Dogecoin!! 1000 DOGE up for grabs in our seventh giveaway next giveaway will be 10000 Doge. Make sure you ente‚Ä¶ https://t.co/FaY4A8oWsU
11/14/2020,coinOK,1 DOGE Price: 0.00000017 BTC #doge #dogecoin 2020-11-14 15:15 https://t.co/vbtSH0MfDm
11/14/2020,Ronald Robles Osorio,#dogecoin https://t.co/VBVq74VFjk
11/14/2020,$DOGE of $DOGE St | Over 1746 followers is a myth,Current $DOGE Price: 0.00000017 $BTC 
 #Dogecoin is the real #Bitcoin https://t.co/VMPWI93lrA
11/14/2020,dogecoin.crypto,@elonmusk good luck
#ElonMusk 
#dogecoin 
#doge https://t.co/DpFi2RPx3T
11/14/2020,Trevtron #JTSüåé‚ù§üá∫üá≤üåû,@JTS_Global @JTSGlobal_promo @CoinPaymentsNET @coinkit_ @cryptochri @europe_tron @Tronfoundation @BitTorrent‚Ä¶ https://t.co/hVYQh95UY7
11/14/2020,mooncat,@RealGrumpyCat @AblazePub @itscattoken @dogecoin Episode 1 2 3 4 are out ! https://t.co/eTzUEtJY4s
11/14/2020,mooncat,@RealGrumpyCat @AblazePub @RealGrumpyCat i m @mooncatcrypto  the cat mascot of the #cryptocurrency world created b‚Ä¶ https://t.co/FotTKg9t16
11/14/2020,coinOK,1 DOGE Price: 0.00000017 BTC #doge #dogecoin 2020-11-14 14:15 https://t.co/JEbBbZWCDa
11/14/2020,EURO VIEIRA,#dogecoin https://t.co/kvRiZEXAGz
11/14/2020,Mila,Evosmine - –≤–µ–¥—É—â–∏–π –≤ –æ—Ç—Ä–∞—Å–ª–∏ –ø—É–ª –¥–ª—è –º–∞–π–Ω–∏–Ω–≥–∞ Dogecoin. https://t.co/PCmAPr19qz
11/14/2020,Irina,#dogecoin https://t.co/42NDmi8dDW
11/14/2020,Garaa Unknown|JTSüåé‚ù§Ô∏è üá≤üá®,@DavidGettman3 @Atin_Putrii @paulberg68 @JTS_Global @JTSGlobal_promo @CoinPaymentsNET @coinkit_ @cryptochri‚Ä¶ https://t.co/5xlHV0CeLb
11/14/2020,David Gettman #JTS üåé üåû üá∫üá∏,@Atin_Putrii @paulberg68 @JTS_Global @JTSGlobal_promo @CoinPaymentsNET @coinkit_ @cryptochri @europe_tron‚Ä¶ https://t.co/ZGimNEi6lm
11/14/2020,Alt Cash,Win Dogecoin!! 1000 DOGE up for grabs in our seventh giveaway next giveaway will be 10000 Doge. Make sure you ente‚Ä¶ https://t.co/22VZsp94ZQ
11/14/2020,Muhammad Ali,@JTS_Global @sfs1430007 @JTSGlobal_promo @CoinPaymentsNET @coinkit_ @cryptochri @europe_tron @Tronfoundation‚Ä¶ https://t.co/8sEhHZ27F4
11/14/2020,coinOK,1 DOGE Price: 0.00000017 BTC #doge #dogecoin 2020-11-14 13:15 https://t.co/sGKgbckvFE
11/14/2020,Sfs1430007,@JTS_Global @JTSGlobal_promo @CoinPaymentsNET @coinkit_ @cryptochri @europe_tron @Tronfoundation @BitTorrent‚Ä¶ https://t.co/Hz86clmGKP
11/14/2020,Mariz|JSL|LUNCHMATESüçë,@JTS_Global @JTSGlobal_promo @CoinPaymentsNET @coinkit_ @cryptochri @europe_tron @Tronfoundation @BitTorrent‚Ä¶ https://t.co/63U22geZEA
11/14/2020,webnowüåé,#BTC #BCH #DEFI #DEX #REN #ZEC #ETH #EOS A system using smart contracts and Darknodes for blockchain interoperabili‚Ä¶ https://t.co/zmLjbltDkw
11/14/2020,LC crypto specialist #BTC,#dogecoin https://t.co/M89CP2tRIN
11/14/2020,webnowüåé,#XLM #BTC #BCH #DOGE Crypto Fear and Greed Index stood at 90 the same value as the previous day. Bitcoin Cash and‚Ä¶ https://t.co/aP724aOj2M
11/14/2020,RauF √ñzbayraM,#Bitcoin #btc #ethereum #eth #ripple #xrp #BitcoinCash #bch #litecoin #ltc #Dash #dogecoin #doge #eos #xlm #trx‚Ä¶ https://t.co/eeZM1S5GzI
11/14/2020,RauF √ñzbayraM,#Bitcoin #btc #ethereum #eth #ripple #xrp #BitcoinCash #bch #litecoin #ltc #Dash #dogecoin #doge #eos #xlm #trx‚Ä¶ https://t.co/jR8nC4y0Tc
11/14/2020,coinOK,1 DOGE Price: 0.00000017 BTC #doge #dogecoin 2020-11-14 12:15 https://t.co/QBzOc7DpBf
11/14/2020,Geoff,The true big brains know that Dogecoin is the crypto of the future! https://t.co/jDSFXtBV1S
11/14/2020,MARIA üçÇüçÅ,@JTS_Global @JTSGlobal_promo @CoinPaymentsNET @coinkit_ @cryptochri @europe_tron @Tronfoundation @BitTorrent‚Ä¶ https://t.co/4SiAWCUDap
11/14/2020,Alt Cash,Win Dogecoin!! 1000 DOGE up for grabs in our seventh giveaway next giveaway will be 10000 Doge. Make sure you ente‚Ä¶ https://t.co/cO4FyjpK4T
11/14/2020,Nadiya Khan #‚ù§‚ù§‚ù§,@JTS_Global @JTSGlobal_promo @CoinPaymentsNET @coinkit_ @cryptochri @europe_tron @Tronfoundation @BitTorrent‚Ä¶ https://t.co/qisFRbu9oz
11/14/2020,MoneyDome,OPEN ARMS LOVE AND SHARE YOUR BLESSINGS IN THE VICTIMS OF TYPHOON ULYSSES.

@BITCOIN @BTC @CRYPTO @CRYPTOCURRENCY‚Ä¶ https://t.co/MddhxPkaF7
11/14/2020,((BOT)) Absurd Tally Hall happenings,Zubin commited arson on the property of their alter ego today and they're now investing in dogecoin
11/14/2020,üååüí´üíéüëëüïãüíãFOREVERMORE,@coingecko hi. Why do you show 1.0 as the Satoshi amount to equal 1 coin but wallets don't always register it 1 coi‚Ä¶ https://t.co/GLlNsAsRol
11/14/2020,fhmarcustroy,@Marcielago___ Bruh dogecoin üò≠üò≠üò≠üò≠üò≠
11/14/2020,survival to,@JTS_Global @JTSGlobal_promo @CoinPaymentsNET @coinkit_ @cryptochri @europe_tron @Tronfoundation @BitTorrent‚Ä¶ https://t.co/nQpMQVajA6
11/14/2020,The Frozen Bot,** TA Signal ** - $DOGE/BTC (#45)
üíÄ MACD crossed below (bearish) on 4H

üí∞ Price: ‚Çø0.00000017 ($0.002767)
üî• 1h: 0.35‚Ä¶ https://t.co/urbsEDr7Vd
11/14/2020,Riki Sudirman #JTS üåç‚ô•Ô∏èüáÆüá©,@JTS_Global @JTSGlobal_promo @CoinPaymentsNET @coinkit_ @cryptochri @europe_tron @Tronfoundation @BitTorrent‚Ä¶ https://t.co/VZxlvXROgM
11/14/2020,coinOK,1 DOGE Price: 0.00000017 BTC #doge #dogecoin 2020-11-14 11:15 https://t.co/jFGePSYLMs
11/14/2020,Wye Oak MDR,The 101 Guide to Dogecoin https://t.co/DjygQ9jofc
11/14/2020,Miss Tam Ching,@JTS_Global @JTSGlobal_promo @CoinPaymentsNET @coinkit_ @cryptochri @europe_tron @Tronfoundation @BitTorrent‚Ä¶ https://t.co/vfuN0yDNb2
11/14/2020,Agung JTSüåé‚ù§Ô∏èüáÆüá©,@JTS_Global @JTSGlobal_promo @CoinPaymentsNET @coinkit_ @cryptochri @europe_tron @Tronfoundation @BitTorrent‚Ä¶ https://t.co/7lLCFATkqP
11/14/2020,shisui_uchiha,#dogecoin
11/14/2020,Annyeong LuckyüôèüçÄ‚ù§Ô∏è‚ú®üòçüçïüéâüíµ,@JTS_Global @JTSGlobal_promo @CoinPaymentsNET @coinkit_ @cryptochri @europe_tron @Tronfoundation @BitTorrent‚Ä¶ https://t.co/su5IhRXMUC
11/14/2020,CryptoDadJR. üêê,@RookieXBT Say this to Dogecoin
11/14/2020,yinitialize,@JTS_Global @JTSGlobal_promo @CoinPaymentsNET @coinkit_ @cryptochri @europe_tron @Tronfoundation @BitTorrent‚Ä¶ https://t.co/EbJbImoF04
11/14/2020,elplumbs,@JTS_Global @JTSGlobal_promo @CoinPaymentsNET @coinkit_ @cryptochri @europe_tron @Tronfoundation @BitTorrent‚Ä¶ https://t.co/ag6Sx19WdD
11/14/2020,Mike Colon,Question for the #dogecoin people? How high can Dogecoin actually go? Realistically and how long will it take? Jus‚Ä¶ https://t.co/0rCvIg7PZY
11/14/2020,Kelvin Lee,#dogecoin https://t.co/C5BG0CI64s
11/14/2020,mooncat,@CharlieShrem Meanwhile at @dogecoin 's home the next morning...
@itscattoken @mooncatcrypto #mascot #mooncat https://t.co/xrWgGI0eo3
11/14/2020,„ÇÜ„Åç„Çä„Çì,Moon Dogecoin - The dogecoin faucet where YOU decide when to claim! https://t.co/0DhLEbtfbn #dogecoin #faucet Moon_Dogecoin„Åï„Çì„Åã„Çâ
11/14/2020,Alt Cash,Win Dogecoin!! 1000 DOGE up for grabs in our seventh giveaway next giveaway will be 10000 Doge. Make sure you ente‚Ä¶ https://t.co/0JYA1nKvz4
11/14/2020,survival to,@sideshiftai any news when u will bring Dogecoin back
11/14/2020,squaky‚òÄüíï,@JTS_Global @JTSGlobal_promo @CoinPaymentsNET @coinkit_ @cryptochri @europe_tron @Tronfoundation @BitTorrent‚Ä¶ https://t.co/zOIxjLBvuB
11/14/2020,Crypto Imperio,De repente No tengo tantos usuarios que me siguen por lo que creo  pero siento que los mejores siempre estar√°n con‚Ä¶ https://t.co/0EEb1d1DBt
11/14/2020,mooncat,@WhiteBit6 @dogecoin @mooncatcrypto @itscattoken Episode 4 11-14-2020
Doge to the rescue. What did #Mooncat do the‚Ä¶ https://t.co/Q82sNaQsfe
11/14/2020,coinOK,1 DOGE Price: 0.00000017 BTC #doge #dogecoin 2020-11-14 10:15 https://t.co/K1J8EItk7C
11/14/2020,Anggun,@JTS_Global @amarsalind @JTSGlobal_promo @CoinPaymentsNET @coinkit_ @cryptochri @europe_tron @Tronfoundation‚Ä¶ https://t.co/1Z2aKgjWIr
11/14/2020,üååüí´üíéüëëüïãüíãFOREVERMORE,@CorpDutchy oh n because express crypto wouldn't let me withdraw my dogecoin n made fun about it I have no reason‚Ä¶ https://t.co/dHEYj0F3gR
11/14/2020,Amelia,@JTS_Global @amarsalind @JTSGlobal_promo @CoinPaymentsNET @coinkit_ @cryptochri @europe_tron @Tronfoundation‚Ä¶ https://t.co/7DUqpJbPn7
11/14/2020,daklan Suterjo,@JTS_Global @amarsalind @JTSGlobal_promo @CoinPaymentsNET @coinkit_ @cryptochri @europe_tron @Tronfoundation‚Ä¶ https://t.co/bHuIM0VKQe
11/14/2020,DennyDeliversYT,Pole Lap: Team Dogecoin F1 https://t.co/0EXe8LriKL https://t.co/desZHjDNyN
11/14/2020,StephMoa,What the fuck is DogeCoin?
11/14/2020,pehlwan Ali,@JTS_Global @coinkit_ @JTSGlobal_promo @CoinPaymentsNET @cryptochri @europe_tron @Tronfoundation @BitTorrent‚Ä¶ https://t.co/FH0VqmiloO
11/14/2020,Crypto Pakistan,@JTS_Global @coinkit_ @JTSGlobal_promo @CoinPaymentsNET @cryptochri @europe_tron @Tronfoundation @BitTorrent‚Ä¶ https://t.co/mwEmJRtDwL
11/14/2020,cryp trade capitar,Unique modern win-win trading strategies
developed directly by the traders of the company

https://t.co/DpJaSzjxB0 

#btc #eth
#Dogecoin
11/14/2020,‚Çøruce Wayne,I've just realized I've been in crypto since 2011. Started mining Litecoin and Dogecoin a year later with a very un‚Ä¶ https://t.co/a1THmgv26L
11/14/2020,PawelK,#dogecoin https://t.co/YP5izLovq6
11/14/2020,ÊµÑË°åËè©Ëñ©,‰ªÆÊÉ≥ÈÄöË≤®„Åß„Çπ„Éù„Éº„ÉÑ„Éô„ÉÉ„Éà„ÇÑ„Ç´„Ç∏„Éé„ÇíÊ•Ω„Åó„ÇÄ„Å™„Çâ„ÄÅ1xBET„Åå„Åä„Åô„Åô„ÇÅ„Åß„Åô„ÄÇÂèñÊâ±ÈÄöË≤®„ÅØ„ÄÅ#Bitcoin #BTC #Ethereum #ETH #EthereumClassic #Monero #Zcash #Dogecoin‚Ä¶ https://t.co/uEx8Twh9b0
11/14/2020,coinOK,1 DOGE Price: 0.00000017 BTC #doge #dogecoin 2020-11-14 09:15 https://t.co/BGNvrA4Bul
11/14/2020,Arwan,@JTS_Global @JTSGlobal_promo @CoinPaymentsNET @coinkit_ @cryptochri @europe_tron @Tronfoundation @BitTorrent‚Ä¶ https://t.co/0HJaIEEp2D
11/14/2020,mooncat,Episode 4. #Doge to the rescue. #Mooncat. 
@itscattoken @dogecoin 
$CAT $YFI3 $WAVES $FIL $YFII $YFI $COMP $AVA‚Ä¶ https://t.co/mP9sKvE9d3
11/14/2020,JR Deganos,#dogecoin https://t.co/peHyTrZLTA
11/14/2020,jongpüåû #Celsians Bitpr0.com,@JTS_Global @JTSGlobal_promo @CoinPaymentsNET @coinkit_ @cryptochri @europe_tron @Tronfoundation @BitTorrent‚Ä¶ https://t.co/WE4cJpssP7
11/14/2020,Lee Jones,@cat_minkey #MillionMAGAMarch #dogecoin 
#MAGAMillionMarch #dogecoin 
#MillionMAGAMarch2020 
#StopTheSteaI https://t.co/NXpvCRzYVD
11/14/2020,laguriego,@JTS_Global @GatsebeunGem @JTSGlobal_promo @CoinPaymentsNET @coinkit_ @cryptochri @europe_tron @Tronfoundation‚Ä¶ https://t.co/T0vsuVuw09
11/14/2020,NiceJuan,@JTS_Global @JTSGlobal_promo @CoinPaymentsNET @coinkit_ @cryptochri @europe_tron @Tronfoundation @BitTorrent‚Ä¶ https://t.co/SnIv89AL9F
11/14/2020,Alt Cash,Win Dogecoin!! 1000 DOGE up for grabs in our seventh giveaway next giveaway will be 10000 Doge. Make sure you ente‚Ä¶ https://t.co/nRkcq0DghO
11/14/2020,Frankie,@JTS_Global @JTSGlobal_promo @CoinPaymentsNET @coinkit_ @cryptochri @europe_tron @Tronfoundation @BitTorrent‚Ä¶ https://t.co/dqpLLRcydi
11/14/2020,shizzz ‚óâ‚Äø‚óâ,@JTS_Global @JTSGlobal_promo @CoinPaymentsNET @coinkit_ @cryptochri @europe_tron @Tronfoundation @BitTorrent‚Ä¶ https://t.co/zVHJrSdyxf
11/14/2020,CryptoKatH-katHüíïüå±,@JTS_Global @CryptoMinhal11 @JTSGlobal_promo @CoinPaymentsNET @coinkit_ @cryptochri @europe_tron @Tronfoundation‚Ä¶ https://t.co/IegbrHslYj
11/14/2020,Yesits4,@JTS_Global @JTSGlobal_promo @CoinPaymentsNET @coinkit_ @cryptochri @europe_tron @Tronfoundation @BitTorrent‚Ä¶ https://t.co/lqBhCFiHsQ
11/14/2020,Lee Jones,@Jer_M_ Love this!

#MillionMAGAMarch  #dogecoin 
#MAGAMillionMarch  #dogecoin 
#MillionMAGAMarch2020 
#StopTheSteaI
11/14/2020,IncaRoads,#dogecoin https://t.co/dXJQFEBGBP
11/14/2020,dartimah,@JTS_Global @amarsalind @JTSGlobal_promo @CoinPaymentsNET @coinkit_ @cryptochri @europe_tron @Tronfoundation‚Ä¶ https://t.co/44s1Glcefc
11/14/2020,Denise Camo,@JTS_Global @JTSGlobal_promo @CoinPaymentsNET @coinkit_ @cryptochri @europe_tron @Tronfoundation @BitTorrent‚Ä¶ https://t.co/a86OIVMkbY
11/14/2020,harjosutarno,@JTS_Global @amarsalind @JTSGlobal_promo @CoinPaymentsNET @coinkit_ @cryptochri @europe_tron @Tronfoundation‚Ä¶ https://t.co/DV016IZsGE
11/14/2020,endangsu,@JTS_Global @amarsalind @JTSGlobal_promo @CoinPaymentsNET @coinkit_ @cryptochri @europe_tron @Tronfoundation‚Ä¶ https://t.co/F0XfvxjwMa
11/14/2020,sukadi,@JTS_Global @amarsalind @JTSGlobal_promo @CoinPaymentsNET @coinkit_ @cryptochri @europe_tron @Tronfoundation‚Ä¶ https://t.co/MSWLAlZrXJ
11/14/2020,coinOK,1 DOGE Price: 0.00000017 BTC #doge #dogecoin 2020-11-14 08:15 https://t.co/Ru3MZfFKb3
11/14/2020,Nishant ‚ô§,@JTS_Global @JTSGlobal_promo @CoinPaymentsNET @coinkit_ @cryptochri @europe_tron @Tronfoundation @BitTorrent‚Ä¶ https://t.co/vSeBDbilCG
11/14/2020,digiRUBEN üî¥ üî¥ üî¥ üü†,@CoinDesk September 19th 2016|Dogecoin Ethereum photo | Devcon2 Ethereum dev team in media room trying to fix ge‚Ä¶ https://t.co/pWoRpqkFXv
11/14/2020,sonoskuad,@JTS_Global @amarsalind @JTSGlobal_promo @CoinPaymentsNET @coinkit_ @cryptochri @europe_tron @Tronfoundation‚Ä¶ https://t.co/r50BeoPmqj
11/14/2020,One Way To Be Rich,#Bitcoin #ICO #Bounty #airdrop #gambling #mining #crypto #trading #ethereum #dogecoin #litecoin #altcoin Just #FollowMe and i will #FollowBa
11/14/2020,daslim,@JTS_Global @amarsalind @JTSGlobal_promo @CoinPaymentsNET @coinkit_ @cryptochri @europe_tron @Tronfoundation‚Ä¶ https://t.co/e7zxhDpoGi
11/14/2020,chelsy_imuet#JTSüåç‚ù§üáÆüá©,@JTS_Global @JTSGlobal_promo @CoinPaymentsNET @coinkit_ @cryptochri @europe_tron @Tronfoundation @BitTorrent‚Ä¶ https://t.co/qBIpAfpv4x
11/14/2020,‚ùÑÔ∏èüéÑ‚òÉÔ∏è ùìÇùü¢ùìÄùìàùü•4 ‚òÉÔ∏èüéÑ‚ùÑÔ∏è,@JTS_Global @Dianeclaire14 @JTSGlobal_promo @CoinPaymentsNET @coinkit_ @cryptochri @europe_tron @Tronfoundation‚Ä¶ https://t.co/ubz3l7FyC9
11/14/2020,David Abraham,@JTS_Global @amarsalind @JTSGlobal_promo @CoinPaymentsNET @coinkit_ @cryptochri @europe_tron @Tronfoundation‚Ä¶ https://t.co/ItYLk4Ha8R
11/14/2020,·ï≤·ì∞·ó©·òâ·òø·ë¢·í™·ó©·ì∞·ñá·òøüôèüåù‚ôãü¶ÄüêÖüêôüå†üßßüçÄü¶ã‚ü†üß≤,@JTS_Global @JTSGlobal_promo @CoinPaymentsNET @coinkit_ @cryptochri @europe_tron @Tronfoundation @BitTorrent‚Ä¶ https://t.co/5F1KipVIt4
11/14/2020,TooBlessedToBeStressed,@JTS_Global @JTSGlobal_promo @CoinPaymentsNET @coinkit_ @cryptochri @europe_tron @Tronfoundation @BitTorrent‚Ä¶ https://t.co/80l1p4yuWq
11/14/2020,Supoyo Loyo,@JTS_Global @amarsalind @JTSGlobal_promo @CoinPaymentsNET @coinkit_ @cryptochri @europe_tron @Tronfoundation‚Ä¶ https://t.co/yGlQVIcaC4
11/14/2020,Dasiroh Bae,@JTS_Global @amarsalind @JTSGlobal_promo @CoinPaymentsNET @coinkit_ @cryptochri @europe_tron @Tronfoundation‚Ä¶ https://t.co/cfquj8nQse
11/14/2020,¬ÆÔ∏è‚õéüå¥‚ôìüÖ∞Ô∏è‚ÑπÔ∏èüå±üåûüáµüá≠#TGBTG‚ù§Ô∏èüôè #SLNS,@JTS_Global @JTSGlobal_promo @CoinPaymentsNET @coinkit_ @cryptochri @europe_tron @Tronfoundation @BitTorrent‚Ä¶ https://t.co/2dyUkWpJxs
11/14/2020,GerLadineüíôüåª‚òòÔ∏èüí∏üê∏üëªü¶ë,@JTS_Global @JTSGlobal_promo @CoinPaymentsNET @coinkit_ @cryptochri @europe_tron @Tronfoundation @BitTorrent‚Ä¶ https://t.co/SmNYx0CgBX
11/14/2020,PTC Webstar #NieMehrCDU,How to trade the gap with new Yobit Robotrade: https://t.co/hNc5nQtNEz //trading #cryptocurrency #bitcoin #Dogecoin #Defi #bitcoinAccepted
11/14/2020,Dahlan Syah,@JTS_Global @amarsalind @JTSGlobal_promo @CoinPaymentsNET @coinkit_ @cryptochri @europe_tron @Tronfoundation‚Ä¶ https://t.co/IBZV3iWWY4
11/14/2020,marlyk,The 101 Guide to Dogecoin #Altcoin #cryptocurrency #ui via https://t.co/vBsHOsqluy https://t.co/kOb8PTFgpt
11/14/2020,#JTS üåç‚ù§Ô∏èüáÆüá©,@JTS_Global @JTSGlobal_promo @CoinPaymentsNET @coinkit_ @cryptochri @europe_tron @Tronfoundation @BitTorrent‚Ä¶ https://t.co/7HDYd9bI8q
11/14/2020,Adinda Beleke,@JTS_Global @amarsalind @JTSGlobal_promo @CoinPaymentsNET @coinkit_ @cryptochri @europe_tron @Tronfoundation‚Ä¶ https://t.co/w0v30akrm4
11/14/2020,·èÅ·èã·éÆ·èñ·è¨·èÅ·èã ·èí·é•·èã·é∂·éßüçÄ,@JTS_Global @JTSGlobal_promo @CoinPaymentsNET @coinkit_ @cryptochri @europe_tron @Tronfoundation @BitTorrent‚Ä¶ https://t.co/1cjDSKXAsa
11/14/2020,Lusiana Silalahi,@JTS_Global @amarsalind @JTSGlobal_promo @CoinPaymentsNET @coinkit_ @cryptochri @europe_tron @Tronfoundation‚Ä¶ https://t.co/PfB8GruHZl
11/14/2020,DarkGaming,Automatically accumulates btc even if you don't deposit.
ETH/BTC/Lƒ∞TECOƒ∞N/DOGECOƒ∞N you can make investments
You can‚Ä¶ https://t.co/7ySsDQCnG4
11/14/2020,Aslam Patel,#dogecoin https://t.co/pWtGnFHF4f
11/14/2020,Alt Cash,Win Dogecoin!! 1000 DOGE up for grabs in our seventh giveaway next giveaway will be 10000 Doge. Make sure you ente‚Ä¶ https://t.co/FvB7j3KXBc
11/14/2020,Sandrina Blue,@JTS_Global @amarsalind @JTSGlobal_promo @CoinPaymentsNET @coinkit_ @cryptochri @europe_tron @Tronfoundation‚Ä¶ https://t.co/biNnKqxCtt
11/14/2020,Blockchain Studio Network,@nsquaredcrypto please some chart about @dogecoin standard
11/14/2020,Aslam Patel,@JTS_Global @JTSGlobal_promo @CoinPaymentsNET @coinkit_ @cryptochri @europe_tron @Tronfoundation @BitTorrent‚Ä¶ https://t.co/yATW2Wz0Uq
11/14/2020,Ujbo JTSüåé‚ù§Ô∏èüá≤üáΩ,@JTS_Global @JTSGlobal_promo @CoinPaymentsNET @coinkit_ @cryptochri @europe_tron @Tronfoundation @BitTorrent‚Ä¶ https://t.co/jvEb5L2fKR
11/14/2020,Iqi Faqot,@JTS_Global @amarsalind @JTSGlobal_promo @CoinPaymentsNET @coinkit_ @cryptochri @europe_tron @Tronfoundation‚Ä¶ https://t.co/sGDeqJcT9B
11/14/2020,coinOK,1 DOGE Price: 0.00000017 BTC #doge #dogecoin 2020-11-14 07:15 https://t.co/lAV7bYmhkh
11/14/2020,Boris JTS,@JTS_Global @JTSGlobal_promo @CoinPaymentsNET @coinkit_ @cryptochri @europe_tron @Tronfoundation @BitTorrent‚Ä¶ https://t.co/FcoCvY0Z4E
11/14/2020,Johnny Bahamas,@JTS_Global @JTSGlobal_promo @CoinPaymentsNET @coinkit_ @cryptochri @europe_tron @Tronfoundation @BitTorrent‚Ä¶ https://t.co/GbEgs98xGm
11/14/2020,Raden Bomak,@JTS_Global @amarsalind @JTSGlobal_promo @CoinPaymentsNET @coinkit_ @cryptochri @europe_tron @Tronfoundation‚Ä¶ https://t.co/K34z0gAwvl
11/14/2020,Ana Bella Sondak,@JTS_Global @amarsalind @JTSGlobal_promo @CoinPaymentsNET @coinkit_ @cryptochri @europe_tron @Tronfoundation‚Ä¶ https://t.co/obbRd8zC4q
11/14/2020,#SENDEROPRESS,The 101 Guide to Dogecoin #Altcoin #cryptocurrency #ui via https://t.co/EgBaOSV4Ld https://t.co/dbq6LO3r1S
11/14/2020,Mariam Balenok,@JTS_Global @amarsalind @JTSGlobal_promo @CoinPaymentsNET @coinkit_ @cryptochri @europe_tron @Tronfoundation‚Ä¶ https://t.co/VyTSjart3S
11/14/2020,LAfamilia ‚ô•Ô∏è‚ô•Ô∏è‚ô•Ô∏è‚ô•Ô∏èROAD TO LIFE‚ô•Ô∏è‚ô•Ô∏è,@JTS_Global @iovercomelife2 @JTSGlobal_promo @CoinPaymentsNET @coinkit_ @cryptochri @europe_tron @Tronfoundation‚Ä¶ https://t.co/duSwYHXjzp
11/14/2020,Titi Haningsih,@JTS_Global @suciyantie09 @JTSGlobal_promo @CoinPaymentsNET @coinkit_ @cryptochri @europe_tron @Tronfoundation‚Ä¶ https://t.co/k34Ug7Wb4Z
11/14/2020,Leiloon,@JTS_Global @JTSGlobal_promo @CoinPaymentsNET @coinkit_ @cryptochri @europe_tron @Tronfoundation @BitTorrent‚Ä¶ https://t.co/D0TTTzBlK1
11/14/2020,Diana Tetie,@JTS_Global @amarsalind @JTSGlobal_promo @CoinPaymentsNET @coinkit_ @cryptochri @europe_tron @Tronfoundation‚Ä¶ https://t.co/NnxiATg5sP
11/14/2020,Suci Yantie,@JTS_Global @amarsalind @JTSGlobal_promo @CoinPaymentsNET @coinkit_ @cryptochri @europe_tron @Tronfoundation‚Ä¶ https://t.co/4gDA3h85ZE
11/14/2020,Anita Amouy,@JTS_Global @amarsalind @JTSGlobal_promo @CoinPaymentsNET @coinkit_ @cryptochri @europe_tron @Tronfoundation‚Ä¶ https://t.co/vKsPog8GUr
11/14/2020,storewithcoupon,binance dogecoin wallet ‚Äì https://t.co/ixq90eFJOb
11/14/2020,Amora Marsalinda,@JTS_Global @harahapca @JTSGlobal_promo @CoinPaymentsNET @coinkit_ @cryptochri @europe_tron @Tronfoundation‚Ä¶ https://t.co/Pw6kJHImpC
11/14/2020,Dana Wardana,@JTS_Global @harahapca @JTSGlobal_promo @CoinPaymentsNET @coinkit_ @cryptochri @europe_tron @Tronfoundation‚Ä¶ https://t.co/ipjvRDPrNT
11/14/2020,hayampong,@JTS_Global @harahapca @JTSGlobal_promo @CoinPaymentsNET @coinkit_ @cryptochri @europe_tron @Tronfoundation‚Ä¶ https://t.co/uZ5BTtUHC3
11/14/2020,coinOK,1 DOGE Price: 0.00000017 BTC #doge #dogecoin 2020-11-14 06:15 https://t.co/IejulEnH0c
11/14/2020,1 Doge = 1 Doge,@Ledger_Support 519656

I was just given some general robot response but i need to know how to either 

1) Cancel t‚Ä¶ https://t.co/WQTvCxNwgU
11/14/2020,Kiss ü¶Å,@JTS_Global @JTSGlobal_promo @CoinPaymentsNET @coinkit_ @cryptochri @europe_tron @Tronfoundation @BitTorrent‚Ä¶ https://t.co/cQjJNmTocZ
11/14/2020,Bartu≈õ,@EasyRid04682094 W tek≈õcie nie dostrzeg≈Çem linku do serwisu Patronite a wp≈Çaci≈Çbym Tobie trochƒô Dogecoin. Dobra robotaüí™
11/14/2020,·¥Ä Ä…™‚Å∑ üíú·µá·µí ≥·µÉ ∞·µÉ·µâ | ‚ÑìœÉvŒµs Œ±Œ∑gŒµ‚Ñì 313 üêª,@JTS_Global @JTSGlobal_promo @CoinPaymentsNET @coinkit_ @cryptochri @europe_tron @Tronfoundation @BitTorrent‚Ä¶ https://t.co/Wvw6123o1H
11/14/2020,Adi Dwi Cahyono,@JTS_Global @JTSGlobal_promo @CoinPaymentsNET @coinkit_ @cryptochri @europe_tron @Tronfoundation @BitTorrent‚Ä¶ https://t.co/810yq933oR
11/14/2020,Rais Iqbal #JTSüåç‚ù§Ô∏èüáµüá∞,@JTS_Global @JTSGlobal_promo @CoinPaymentsNET @coinkit_ @cryptochri @europe_tron @Tronfoundation @BitTorrent‚Ä¶ https://t.co/Ms0kPgDJ2x
11/14/2020,Alt Cash,Win Dogecoin!! 1000 DOGE up for grabs in our seventh giveaway next giveaway will be 10000 Doge. Make sure you ente‚Ä¶ https://t.co/IKX0uKiFzP
11/14/2020,Ase,@JTS_Global @JTSGlobal_promo @CoinPaymentsNET @coinkit_ @cryptochri @europe_tron @Tronfoundation @BitTorrent‚Ä¶ https://t.co/EoTQxbmjxg
11/14/2020,coinOK,1 DOGE Price: 0.00000017 BTC #doge #dogecoin 2020-11-14 05:15 https://t.co/aEkjUQ5aNb
11/14/2020,Titus,The 101 Guide to Dogecoin https://t.co/gc22tAswm5 #Dogecoin #cryptocurrency #crypto #altcoin
11/14/2020,Abhishek‚ü†,@JTS_Global @JTSGlobal_promo @CoinPaymentsNET @coinkit_ @cryptochri @europe_tron @Tronfoundation @BitTorrent‚Ä¶ https://t.co/tVwpt0Fzqr
11/14/2020,Blockchain Studio Network,@1MillionTokens @YearOfDoge @cctip_io @YearOfDoge @dogewoge @dogecoin_devs @JRossNicoll @tom_carbon
11/14/2020,Trading Edge,Binance | ADABTC | 1h
Tweezer Bottom with swing low formed at EMA20 key level.

$BTC $ETH #blockfolio $VET $TRX‚Ä¶ https://t.co/7WNt6zy7VN
11/14/2020,ThreeMining,Bitpay Launches New Payroll Service for Companies That Opt to Pay Employees in Crypto. https://t.co/btLCz05k2c‚Ä¶ https://t.co/ougnD6SSVh
11/14/2020,Xurshid,@NftMonet @UniswapProtocol @iearnfinance @dego_finance @DontBuyMeme @dogecoin 
@airdropinspect 
@Mahdi44205413
11/14/2020,Trading Center,Bitpay Launches New Payroll Service for Companies That Opt to Pay Employees in Crypto. https://t.co/hfKjKVSzCS‚Ä¶ https://t.co/2k3BrdKOlW
11/14/2020,KeiYua,#dogecoin https://t.co/dIKv2JwYak
11/14/2020,üçÄüå∑‚ú® ren ‚ú®üå∑üçÄ,@JTS_Global @JTSGlobal_promo @CoinPaymentsNET @coinkit_ @cryptochri @europe_tron @Tronfoundation @BitTorrent‚Ä¶ https://t.co/iitCfoaDqd
11/14/2020,RoobyDooby #JTS üåç‚ù§üè¥Û†ÅßÛ†Å¢Û†Å•Û†ÅÆÛ†ÅßÛ†Åø,@JTS_Global @JTSGlobal_promo @CoinPaymentsNET @coinkit_ @cryptochri @europe_tron @Tronfoundation @BitTorrent‚Ä¶ https://t.co/75z8fNJ7ia
11/14/2020,DGovind,@JTS_Global @JTSGlobal_promo @CoinPaymentsNET @coinkit_ @cryptochri @europe_tron @Tronfoundation @BitTorrent‚Ä¶ https://t.co/zK0pb7pKhw
11/14/2020,Dendi Gunadi,#dogecoin https://t.co/zIzSeJq96w
11/14/2020,DENISS050170TRX JTSüåç‚ù§üá™üá™,@JTS_Global @JTSGlobal_promo @CoinPaymentsNET @coinkit_ @cryptochri @europe_tron @Tronfoundation @BitTorrent‚Ä¶ https://t.co/CNUpN6HuU9
11/14/2020,Harahap Camsto,@JTS_Global @kartoloemo @JTSGlobal_promo @CoinPaymentsNET @coinkit_ @cryptochri @europe_tron @Tronfoundation‚Ä¶ https://t.co/SUeqHl6PTq
11/14/2020,GueBro #JTSüåé‚ù§Ô∏è üáÆüá©,@JTS_Global @JTSGlobal_promo @CoinPaymentsNET @coinkit_ @cryptochri @europe_tron @Tronfoundation @BitTorrent‚Ä¶ https://t.co/SwjsrE6PX3
11/14/2020,Monrow Abigel,@JTS_Global @kartoloemo @JTSGlobal_promo @CoinPaymentsNET @coinkit_ @cryptochri @europe_tron @Tronfoundation‚Ä¶ https://t.co/NUWNLoWbFL
11/14/2020,Rahul,@JTS_Global @JTSGlobal_promo @CoinPaymentsNET @coinkit_ @cryptochri @europe_tron @Tronfoundation @BitTorrent‚Ä¶ https://t.co/Fn91edfBCv
11/14/2020,cryptomoon,@JTS_Global @JTSGlobal_promo @CoinPaymentsNET @coinkit_ @cryptochri @europe_tron @Tronfoundation @BitTorrent‚Ä¶ https://t.co/ra23eS2QMQ
11/14/2020,Akhmed Wakidin,@JTS_Global @kartoloemo @JTSGlobal_promo @CoinPaymentsNET @coinkit_ @cryptochri @europe_tron @Tronfoundation‚Ä¶ https://t.co/MNnNLCPCUx
11/14/2020,Charle Waldie,@dogecoindoge @SarahBCalif @Redistrict oh dogecoin still alive? Sounds like you are the stupid one keeping up with‚Ä¶ https://t.co/59Ev59pFox
11/14/2020,coinOK,1 DOGE Price: 0.00000017 BTC #doge #dogecoin 2020-11-14 04:15 https://t.co/8tSgUlFMv1
11/14/2020,Zamani Financial ‚Äå ‚Äå ‚É§,#Bitcoin  : 15914.95 üí≤ USD

#Ethereum: 461.48 üí≤ USD

#Litecoin: 62.63 üí≤ USD

#Dogecoin: 0.002728 üí≤ USD‚Ä¶ https://t.co/wgzrMdZIJJ
11/14/2020,Sugianto Wae,@JTS_Global @kartoloemo @JTSGlobal_promo @CoinPaymentsNET @coinkit_ @cryptochri @europe_tron @Tronfoundation‚Ä¶ https://t.co/H6FJMdYMie
11/14/2020,Angga Julianto,@JTS_Global @kartoloemo @JTSGlobal_promo @CoinPaymentsNET @coinkit_ @cryptochri @europe_tron @Tronfoundation‚Ä¶ https://t.co/XwcKMTWDmY
11/14/2020,„Ç¶„Çµ„Ç§„É≥„Éú„É´„Éú,@JTS_Global @JTSGlobal_promo @CoinPaymentsNET @coinkit_ @cryptochri @europe_tron @Tronfoundation @BitTorrent‚Ä¶ https://t.co/ReTDbUobKN
11/14/2020,Dogestradamusüê∂Ëäù„Ç∑Áä¨ ‰∏≠Êú¨üêï,Dogecoin 2021 https://t.co/dHBs7OC5Of
11/14/2020,Alt Cash,Win Dogecoin!! 1000 DOGE up for grabs in our seventh giveaway next giveaway will be 10000 Doge. Make sure you ente‚Ä¶ https://t.co/HKSETBcLLv
11/14/2020,Feritanoto,@JTS_Global @kartoloemo @JTSGlobal_promo @CoinPaymentsNET @coinkit_ @cryptochri @europe_tron @Tronfoundation‚Ä¶ https://t.co/XYN6jqHGK6
11/14/2020,Travis Watanabe (Ê∏°Ëæ∫Êò•Ëôé),@JTS_Global @JTSGlobal_promo @CoinPaymentsNET @coinkit_ @cryptochri @europe_tron @Tronfoundation @BitTorrent‚Ä¶ https://t.co/OjlSXyYMuQ
11/14/2020,Castel Daniel,@JTS_Global @JTSGlobal_promo @CoinPaymentsNET @coinkit_ @cryptochri @europe_tron @Tronfoundation @BitTorrent‚Ä¶ https://t.co/FHaDnQ9tot
11/14/2020,Kartikadewi,@JTS_Global @kartoloemo @JTSGlobal_promo @CoinPaymentsNET @coinkit_ @cryptochri @europe_tron @Tronfoundation‚Ä¶ https://t.co/YIrVLqcft1
11/14/2020,Rama Ornoke,@JTS_Global @kartoloemo @JTSGlobal_promo @CoinPaymentsNET @coinkit_ @cryptochri @europe_tron @Tronfoundation‚Ä¶ https://t.co/bPCgc5mfHo
11/14/2020,üíüFelicity Octaviaüíü,@JTS_Global @JTSGlobal_promo @CoinPaymentsNET @coinkit_ @cryptochri @europe_tron @Tronfoundation @BitTorrent‚Ä¶ https://t.co/j9g1dKfLEm
11/14/2020,üçÄüçÄüçÄwinwinüçÄüçÄüçÄ,@JTS_Global @JTSGlobal_promo @CoinPaymentsNET @coinkit_ @cryptochri @europe_tron @Tronfoundation @BitTorrent‚Ä¶ https://t.co/52IYmxqeAy
11/14/2020,Kurniawan Joble,@JTS_Global @kartoloemo @JTSGlobal_promo @CoinPaymentsNET @coinkit_ @cryptochri @europe_tron @Tronfoundation‚Ä¶ https://t.co/RaUvgaEPhk
11/14/2020,Yen ‚ú®,@JTS_Global @JTSGlobal_promo @CoinPaymentsNET @coinkit_ @cryptochri @europe_tron @Tronfoundation @BitTorrent‚Ä¶ https://t.co/EoOpBuiYCG
11/14/2020,dianne üêô üß≤ #LBEüåç‚òÄÔ∏èü§°,@JTS_Global @JTSGlobal_promo @CoinPaymentsNET @coinkit_ @cryptochri @europe_tron @Tronfoundation @BitTorrent‚Ä¶ https://t.co/TmLNUsMGkn
11/14/2020,Roni Kartoyo,@JTS_Global @kartoloemo @JTSGlobal_promo @CoinPaymentsNET @coinkit_ @cryptochri @europe_tron @Tronfoundation‚Ä¶ https://t.co/hPFuoS8I97
11/14/2020,Asmoro Rene,@JTS_Global @kartoloemo @JTSGlobal_promo @CoinPaymentsNET @coinkit_ @cryptochri @europe_tron @Tronfoundation‚Ä¶ https://t.co/0eRoVy0ctm
11/14/2020,Jono Wong Jowo,@JTS_Global @kartoloemo @JTSGlobal_promo @CoinPaymentsNET @coinkit_ @cryptochri @europe_tron @Tronfoundation‚Ä¶ https://t.co/EvXR4pOAwH
11/14/2020,Cryptocito üá©üá™üá®üá¥,@CryptoCakir Haha yes he will most likely get back to pumpin his dogecoin bags ü§£
11/14/2020,Domain Address Info,the dawn of the era of the doge is arriving on schedule. via /r/dogecoin https://t.co/jGjCFSLvdD hot üî• in #reddit‚Ä¶ https://t.co/LH9yds20JB
11/14/2020,Mira Cassandre,@JTS_Global @JTSGlobal_promo @CoinPaymentsNET @coinkit_ @cryptochri @europe_tron @Tronfoundation @BitTorrent‚Ä¶ https://t.co/G24vxa1YFJ
11/14/2020,·¥Æ·¥± ysa‚Å∑ ‚úø,@JTS_Global @JTSGlobal_promo @CoinPaymentsNET @coinkit_ @cryptochri @europe_tron @Tronfoundation @BitTorrent‚Ä¶ https://t.co/WoEMHURP4w
11/14/2020,@Jada28,@JTS_Global @JTSGlobal_promo @CoinPaymentsNET @coinkit_ @cryptochri @europe_tron @Tronfoundation @BitTorrent‚Ä¶ https://t.co/xunDOoqUlM
11/14/2020,CryptoLover,@JTS_Global @JTSGlobal_promo @CoinPaymentsNET @coinkit_ @cryptochri @europe_tron @Tronfoundation @BitTorrent‚Ä¶ https://t.co/qdkyE27XiU
11/14/2020,Arimbiencim,@JTS_Global @kartoloemo @JTSGlobal_promo @CoinPaymentsNET @coinkit_ @cryptochri @europe_tron @Tronfoundation‚Ä¶ https://t.co/ssUPVGm2uY
11/14/2020,Aqib Ali,@JTS_Global @coinkit_ @JTSGlobal_promo @CoinPaymentsNET @cryptochri @europe_tron @Tronfoundation @BitTorrent‚Ä¶ https://t.co/yelSchykzQ
11/14/2020,Kresno Wardoyo,@JTS_Global @kartoloemo @JTSGlobal_promo @CoinPaymentsNET @coinkit_ @cryptochri @europe_tron @Tronfoundation‚Ä¶ https://t.co/t7HYa3fLQB
11/14/2020,Lokesh,@JTS_Global @JTSGlobal_promo @CoinPaymentsNET @coinkit_ @cryptochri @europe_tron @Tronfoundation @BitTorrent‚Ä¶ https://t.co/7Lj9v6qqMa
11/14/2020,Almusawa,@JTS_Global @JTSGlobal_promo @CoinPaymentsNET @coinkit_ @cryptochri @europe_tron @Tronfoundation @BitTorrent‚Ä¶ https://t.co/jCXNqTQ2KK
11/14/2020,Jon,@jimcramer All in dogecoin
11/14/2020,Alone132519 ChangeNow.io #JTS üáßüá© üåç ‚ô•üíú,@JTS_Global @JTSGlobal_promo @CoinPaymentsNET @coinkit_ @cryptochri @europe_tron @Tronfoundation @BitTorrent‚Ä¶ https://t.co/b9lFaTY6E0
11/14/2020,Deni William,@JTS_Global @kartoloemo @JTSGlobal_promo @CoinPaymentsNET @coinkit_ @cryptochri @europe_tron @Tronfoundation‚Ä¶ https://t.co/fGWS8a8R66
11/14/2020,coinOK,1 DOGE Price: 0.00000017 BTC #doge #dogecoin 2020-11-14 03:15 https://t.co/v1BkuIU92S
11/14/2020,Lokmani Dixit‚ñ™Ô∏è,@JTS_Global @JTSGlobal_promo @CoinPaymentsNET @coinkit_ @cryptochri @europe_tron @Tronfoundation @BitTorrent‚Ä¶ https://t.co/Ilb636l9AM
11/14/2020,Kartolo Emo,@JTS_Global @coinkit_ @JTSGlobal_promo @CoinPaymentsNET @cryptochri @europe_tron @Tronfoundation @BitTorrent‚Ä¶ https://t.co/UqtyuCSz9Y
11/14/2020,Coinluisa üôèüòá‚ù§Ô∏è #SLNS,@JTS_Global @JTSGlobal_promo @CoinPaymentsNET @coinkit_ @cryptochri @europe_tron @Tronfoundation @BitTorrent‚Ä¶ https://t.co/uxZB8vZndD
11/14/2020,U3,@JTS_Global @JTSGlobal_promo @CoinPaymentsNET @coinkit_ @cryptochri @europe_tron @Tronfoundation @BitTorrent‚Ä¶ https://t.co/OaVqVAi8kY
11/14/2020,Fiona,@JTS_Global @JTSGlobal_promo @CoinPaymentsNET @coinkit_ @cryptochri @europe_tron @Tronfoundation @BitTorrent‚Ä¶ https://t.co/A9y8CX8Sbr
11/14/2020,Blockmine3rz,Dogecoin Mining Contract ‚Äì 10000 Dogecoin https://t.co/qgyOesjiDi #crypto #miningcontract
11/14/2020,Walherich Justin,@JTS_Global @JTSGlobal_promo @CoinPaymentsNET @coinkit_ @cryptochri @europe_tron @Tronfoundation @BitTorrent‚Ä¶ https://t.co/wud5jRBrjL
11/14/2020,$DOGE of $DOGE St | Over 1746 followers is a myth,Current $DOGE Price: 0.00000017 $BTC 
 #Dogecoin is the real #Bitcoin https://t.co/Tqxg9yOJUL
11/14/2020,Virtu Gonzalez,@JTS_Global @JTSGlobal_promo @CoinPaymentsNET @coinkit_ @cryptochri @europe_tron @Tronfoundation @BitTorrent‚Ä¶ https://t.co/8pQ5Nhp0qh
11/14/2020,‚òòÔ∏èLadybitecoin‚Ää‚òòÔ∏èüîÖüîÖüîÖ,@JTS_Global @JTSGlobal_promo @CoinPaymentsNET @coinkit_ @cryptochri @europe_tron @Tronfoundation @BitTorrent‚Ä¶ https://t.co/fVySCzev45
11/14/2020,Jassie,Dogecoin y u no follow Bitcoin ü•¥
11/14/2020,tsunxjp,#dogecoin https://t.co/MwgDbGk3aN
11/14/2020,Lap Kapur,@u3ue_u3 @JTS_Global @JTSGlobal_promo @CoinPaymentsNET @coinkit_ @cryptochri @europe_tron @Tronfoundation‚Ä¶ https://t.co/WPfw2TuLlZ
11/14/2020,Alt Cash,Win Dogecoin!! 1000 DOGE up for grabs in our seventh giveaway next giveaway will be 10000 Doge. Make sure you ente‚Ä¶ https://t.co/FDz18nShF9
11/14/2020,BScommunity,@JTS_Global @JTSGlobal_promo @CoinPaymentsNET @coinkit_ @cryptochri @europe_tron @Tronfoundation @BitTorrent‚Ä¶ https://t.co/8poLHtmx2X
11/14/2020,‚òïÔ∏èüñ±Ô∏èNovixelüñ±Ô∏è‚òïÔ∏è,#dogecoin https://t.co/jmX7br1X3P
11/14/2020,ADJO Amour,@JTS_Global @JTSGlobal_promo @CoinPaymentsNET @coinkit_ @cryptochri @europe_tron @Tronfoundation @BitTorrent‚Ä¶ https://t.co/ClZTZBzUwW
11/14/2020,abdulmalik26,@JTS_Global @JTSGlobal_promo @CoinPaymentsNET @coinkit_ @cryptochri @europe_tron @Tronfoundation @BitTorrent‚Ä¶ https://t.co/IraYOkpj3O
11/14/2020,Lovely airdrop,@JTS_Global @JTSGlobal_promo @CoinPaymentsNET @coinkit_ @cryptochri @europe_tron @Tronfoundation @BitTorrent‚Ä¶ https://t.co/Dz4RLPczlS
11/14/2020,Dilu #JTS üåç‚ù§Ô∏è,@JTS_Global @JTSGlobal_promo @CoinPaymentsNET @coinkit_ @cryptochri @europe_tron @Tronfoundation @BitTorrent‚Ä¶ https://t.co/rdPSqXap4Z
11/14/2020,üá∫üá∏üá∫üá∏üíú‚òÖAmber‚òÖ #NavaAngel üíûüá∫üá∏üá∫üá∏,@JTS_Global @JTSGlobal_promo @CoinPaymentsNET @coinkit_ @cryptochri @europe_tron @Tronfoundation @BitTorrent‚Ä¶ https://t.co/WoPE8oi6v9
11/14/2020,coinOK,1 DOGE Price: 0.00000017 BTC #doge #dogecoin 2020-11-14 02:15 https://t.co/9wNVoqsC2y
11/14/2020,Eder #JTS ‚ô•Ô∏èüåéüá≤üáΩ,@JTS_Global @JTSGlobal_promo @CoinPaymentsNET @coinkit_ @cryptochri @europe_tron @Tronfoundation @BitTorrent‚Ä¶ https://t.co/i1BeM2otQd
11/14/2020,riri,@JTS_Global @JTSGlobal_promo @CoinPaymentsNET @coinkit_ @cryptochri @europe_tron @Tronfoundation @BitTorrent‚Ä¶ https://t.co/170cm5YJXS
11/14/2020,pickaw pick me,@JTS_Global @JTSGlobal_promo @CoinPaymentsNET @coinkit_ @cryptochri @europe_tron @Tronfoundation @BitTorrent‚Ä¶ https://t.co/6UjPkPWyTZ
11/14/2020,eLmsssüåº,@JTS_Global @JTSGlobal_promo @CoinPaymentsNET @coinkit_ @cryptochri @europe_tron @Tronfoundation @BitTorrent‚Ä¶ https://t.co/eWTOsK42Lm
11/14/2020,Abhishek Jayaraman #JTSüåé‚ù§Ô∏èüáÆüá≥,@JTS_Global @JTSGlobal_promo @CoinPaymentsNET @coinkit_ @cryptochri @europe_tron @Tronfoundation @BitTorrent‚Ä¶ https://t.co/94N0gg3tYQ
11/14/2020,‚ô°Ô∏é | üÜò SEARCH BAN üÜò @shimmieluck,@JTS_Global @JTSGlobal_promo @CoinPaymentsNET @coinkit_ @cryptochri @europe_tron @Tronfoundation @BitTorrent‚Ä¶ https://t.co/VP2EJ3mQ5L
11/14/2020,Sharad#JTSüåé‚ù§üá≥üáµ,@JTS_Global @JTSGlobal_promo @CoinPaymentsNET @coinkit_ @cryptochri @europe_tron @Tronfoundation @BitTorrent‚Ä¶ https://t.co/JC8fyaGTJb
11/14/2020,‚ô°Ô∏é | üÜò SEARCH BAN üÜò @shimmieluck,@JTS_Global @JTSGlobal_promo @CoinPaymentsNET @coinkit_ @cryptochri @europe_tron @Tronfoundation @BitTorrent‚Ä¶ https://t.co/ZLD8tY7Iwr
11/14/2020,ÂºÄngel üê∞,@JTS_Global @JTSGlobal_promo @CoinPaymentsNET @coinkit_ @cryptochri @europe_tron @Tronfoundation @BitTorrent‚Ä¶ https://t.co/1kjmDLlfcE
11/14/2020,Remedios Malto betrefs.com üåû üç©üÖú,@JTS_Global @JTSGlobal_promo @CoinPaymentsNET @coinkit_ @cryptochri @europe_tron @Tronfoundation @BitTorrent‚Ä¶ https://t.co/PKTHLGGDOr
11/14/2020,CKüçÄ‚ú®,@JTS_Global @JTSGlobal_promo @CoinPaymentsNET @coinkit_ @cryptochri @europe_tron @Tronfoundation @BitTorrent‚Ä¶ https://t.co/p0EGiHeYdA
11/14/2020,Ali Hasan,Link &gt; https://t.co/nBcDRZvsyT

#Investment
#PerfectMoney #Bitcoin #Payeer #Advcash #Litecoin
#HonestAliHasan
#HYIP‚Ä¶ https://t.co/17oQunXXOI
11/14/2020,Hayley üòáüíôüíïü§û,@JTS_Global @JTSGlobal_promo @CoinPaymentsNET @coinkit_ @cryptochri @europe_tron @Tronfoundation @BitTorrent‚Ä¶ https://t.co/HzTQ1oQTGQ
11/14/2020,Sharkboy afqb #JTS ‚ù§,@JTS_Global @JTSGlobal_promo @CoinPaymentsNET @coinkit_ @cryptochri @europe_tron @Tronfoundation @BitTorrent‚Ä¶ https://t.co/ne2YXwya5p
11/14/2020,xienien #SA#,@JTS_Global @JTSGlobal_promo @CoinPaymentsNET @coinkit_ @cryptochri @europe_tron @Tronfoundation @BitTorrent‚Ä¶ https://t.co/n43wwIlZoc
11/14/2020,PTC Webstar #NieMehrCDU,How to trade the gap with new Yobit Robotrade: https://t.co/hNc5nQtNEz //trading #cryptocurrency #bitcoin #Dogecoin #Defi #CryptoCommunity
11/14/2020,farmcrypto,@JTS_Global @JTSGlobal_promo @CoinPaymentsNET @coinkit_ @cryptochri @europe_tron @Tronfoundation @BitTorrent‚Ä¶ https://t.co/dwT6udUhVR
11/14/2020,Old Account Suspended,@JTS_Global @JTSGlobal_promo @CoinPaymentsNET @coinkit_ @cryptochri @europe_tron @Tronfoundation @BitTorrent‚Ä¶ https://t.co/UL8hn9B32c
11/14/2020,Vinod Kumar,@BTCBux_io  what is your address for litecoin and dogecoin?
11/14/2020,coinOK,1 DOGE Price: 0.00000017 BTC #doge #dogecoin 2020-11-14 01:15 https://t.co/C06lgGZby0
11/14/2020,Cryptonion,@LilMoonLambo LoL
I guess he loves Dogecoin more.
11/14/2020,Crypto Analytics,Poloniex - Volume changed on Dogecoin (BTC/DOGE)! Price: $0.00000018 (+5.88%) Volume: +251.68% Mentions Daily Cha‚Ä¶ https://t.co/7kgLv9ZQKf
11/14/2020,üá¶üá∫Investorüá≤üáπ,#DOGEBTC #DOGECOIN can still drop to 10 satoshi but still a good time to dollar cost average in. $DOGE https://t.co/XGSmJ6sYoW
11/14/2020,Cryptonion,@elonmusk @elonmusk Tell us how many Bitcoins you Hold.
We already know you hold Billions of @dogecoin
11/14/2020,peyronies prophecy #JTS üåé ‚ù§Ô∏è üá∫üá∏,@JTS_Global @JTSGlobal_promo @CoinPaymentsNET @coinkit_ @cryptochri @europe_tron @Tronfoundation @BitTorrent‚Ä¶ https://t.co/Y6GKJkx1Ld
11/14/2020,Alt Cash,Win Dogecoin!! 1000 DOGE up for grabs in our seventh giveaway next giveaway will be 10000 Doge. Make sure you ente‚Ä¶ https://t.co/aqOfgAVPol
11/14/2020,mdhaleem,@JTS_Global @JTSGlobal_promo @CoinPaymentsNET @coinkit_ @cryptochri @europe_tron @Tronfoundation @BitTorrent‚Ä¶ https://t.co/02mDxlf5HS
11/14/2020,hemang,#dogecoin https://t.co/UBFK8jvnO9
11/14/2020,Grace‚òÉÔ∏è,@JTS_Global @JTSGlobal_promo @CoinPaymentsNET @coinkit_ @cryptochri @europe_tron @Tronfoundation @BitTorrent‚Ä¶ https://t.co/A11qlzDTKi
11/14/2020,Liquidity Lighthouse,Litecoin IOTA Dogecoin Price Analysis: 13 November https://t.co/Ut19vGZf05 #crypto #bitcoin #fintech #finance #news
11/14/2020,Lap Kapur,#dogecoin https://t.co/wTWHafCGkw
11/14/2020,√ÇJƒÄƒÜƒ∂√è√à√Ç,@JTS_Global @JTSGlobal_promo @CoinPaymentsNET @coinkit_ @cryptochri @europe_tron @Tronfoundation @BitTorrent‚Ä¶ https://t.co/Mb4QQ9nUpH
11/14/2020,Diego $RPD #Celsius,@JTS_Global @JTSGlobal_promo @CoinPaymentsNET @coinkit_ @cryptochri @europe_tron @Tronfoundation @BitTorrent‚Ä¶ https://t.co/l6UPVuCp5i
11/14/2020,Muhmmad Bux,@JTS_Global @coinkit_ @JTSGlobal_promo @CoinPaymentsNET @cryptochri @europe_tron @Tronfoundation @BitTorrent‚Ä¶ https://t.co/xv6dqdxVOU
11/14/2020,coinOK,1 DOGE Price: 0.00000017 BTC #doge #dogecoin 2020-11-14 00:15 https://t.co/Q7sqFZVACe
11/14/2020,„Éì„ÉÉ„Éà„Ç≥Âπ≥Á§æÂì°,Dogecoin„ÅåÁÑ°Êñô„Åß„ÇÇ„Çâ„Åà„Çã„Çµ„Ç§„Éà„Å†„Å†„ÉØ„É≥ÔºÅ
„Ç¶„Ç©„É¨„ÉÉ„Éà„ÅÆ„Ç¢„Éâ„É¨„Çπ„Å†„Åë„ÅßÁôªÈå≤„Åß„Åç„Çã„ÉØ„É≥„ÄÇ
„Ç≥„Ç§„É≥„Éù„ÉÉ„Éà„Å£„Å¶„ÅÑ„ÅÜ„Éï„Ç©„Éº„Çª„ÉÉ„ÉàÂêë„Åë„ÅÆÁ∑èÂêà„Ç¶„Ç©„É¨„ÉÉ„Éà„ÅåÊé®„Åï„Çå„Å¶„Çã„ÉØ„É≥„Å≠
ÊúÄËøë„Éâ„Éº„Ç∏„ÇÇ‰∏ä„Åå„Å£„Å¶„Çã„Åó„ÄÅÁä¨Âèã„Å™„Çì„Å†„ÉØ„É≥„ÄÇ
https://t.co/DJoztRang4
11/14/2020,chandra widodo,@JTS_Global @JTSGlobal_promo @CoinPaymentsNET @coinkit_ @cryptochri @europe_tron @Tronfoundation @BitTorrent‚Ä¶ https://t.co/clabCXDn9A
11/14/2020,Julianando,@JTS_Global @JTSGlobal_promo @CoinPaymentsNET @coinkit_ @cryptochri @europe_tron @Tronfoundation @BitTorrent‚Ä¶ https://t.co/qGdGigd0AI
11/14/2020,wanoüå±,@JTS_Global @JTSGlobal_promo @CoinPaymentsNET @coinkit_ @cryptochri @europe_tron @Tronfoundation @BitTorrent‚Ä¶ https://t.co/5TlIYdi2WW
11/14/2020,Niki üíó,@JTS_Global @JTSGlobal_promo @CoinPaymentsNET @coinkit_ @cryptochri @europe_tron @Tronfoundation @BitTorrent‚Ä¶ https://t.co/BaL0vfDwve
11/14/2020,U3,@JTS_Global @JTSGlobal_promo @CoinPaymentsNET @coinkit_ @cryptochri @europe_tron @Tronfoundation @BitTorrent‚Ä¶ https://t.co/rnKxLyA2kT
11/14/2020,mohammadüåû#JTSGLOBALüåé‚ù§,@JTS_Global @JTSGlobal_promo @CoinPaymentsNET @coinkit_ @cryptochri @europe_tron @Tronfoundation @BitTorrent‚Ä¶ https://t.co/bJU9nJsckL
11/14/2020,chaw,is Dogecoin up
11/14/2020,Klary B.,@JTS_Global @JTSGlobal_promo @CoinPaymentsNET @coinkit_ @cryptochri @europe_tron @Tronfoundation @BitTorrent‚Ä¶ https://t.co/u2siO2iruI
11/14/2020,Shayüí´,@JTS_Global @JTSGlobal_promo @CoinPaymentsNET @coinkit_ @cryptochri @europe_tron @Tronfoundation @BitTorrent‚Ä¶ https://t.co/tCpfnHc9WJ
11/14/2020,Somedoges,@CEOofNothing @dogecoin_devs no problem üòá
11/14/2020,‚ú®ra,@JTS_Global @JTSGlobal_promo @CoinPaymentsNET @coinkit_ @cryptochri @europe_tron @Tronfoundation @BitTorrent‚Ä¶ https://t.co/Kui2NOmme4
11/14/2020,Maria,#dogecoin https://t.co/7pBuib26NR
11/14/2020,ùñåùíÜ‡ß∑üçÄ,@JTS_Global @JTSGlobal_promo @CoinPaymentsNET @coinkit_ @cryptochri @europe_tron @Tronfoundation @BitTorrent‚Ä¶ https://t.co/Px4nskgG2k
11/14/2020,Christian Manuel betrefs.com üåû,@JTS_Global @JTSGlobal_promo @CoinPaymentsNET @coinkit_ @cryptochri @europe_tron @Tronfoundation @BitTorrent‚Ä¶ https://t.co/XJ1Y9KzSFl
11/14/2020,Joanna May Cuartelon,@JTS_Global @JTSGlobal_promo @CoinPaymentsNET @coinkit_ @cryptochri @europe_tron @Tronfoundation @BitTorrent‚Ä¶ https://t.co/AEB3lQgAGh
11/14/2020,Alt Cash,Win Dogecoin!! 1000 DOGE up for grabs in our seventh giveaway next giveaway will be 10000 Doge. Make sure you ente‚Ä¶ https://t.co/vmvqIldMIS
11/14/2020,Angus Leung,@henloitsjoyce Dogecoin best coin ü•≥ü•≥ü•≥
11/14/2020,coinOK,1 DOGE Price: 0.00000017 BTC #doge #dogecoin 2020-11-13 23:15 https://t.co/5xuGXJfgiX
11/14/2020,STREAM THE ALBUM,@JTS_Global @JTSGlobal_promo @CoinPaymentsNET @coinkit_ @cryptochri @europe_tron @Tronfoundation @BitTorrent‚Ä¶ https://t.co/XuLpwHtFnk
11/14/2020,loong11 # JTS üåé‚ù§Ô∏èüá∏üá¨,@JTS_Global @JTSGlobal_promo @CoinPaymentsNET @coinkit_ @cryptochri @europe_tron @Tronfoundation @BitTorrent‚Ä¶ https://t.co/IRJTpI7XBk
11/14/2020,Ali Jan Hastam,@JTS_Global @europe_tron @JTSGlobal_promo @CoinPaymentsNET @coinkit_ @cryptochri @Tronfoundation @BitTorrent‚Ä¶ https://t.co/xbae6y89Uk
11/14/2020,CEO of Nothing,@bitcoinbegger @dogecoin_devs That‚Äôs a great point.
11/14/2020,CEO of Nothing,@bitcoinbegger @dogecoin_devs You rock Beggar! And it‚Äôs ok to call me ma‚Äôam. It‚Äôs short for Madame :)

I noticed t‚Ä¶ https://t.co/jObLLwhNg2
11/14/2020,Vladimir Kiselev,@JTS_Global @JTSGlobal_promo @CoinPaymentsNET @coinkit_ @cryptochri @europe_tron @Tronfoundation @BitTorrent‚Ä¶ https://t.co/EvJnNn4300
11/14/2020,Hamad,@JTS_Global @JTSGlobal_promo @CoinPaymentsNET @coinkit_ @cryptochri @europe_tron @Tronfoundation @BitTorrent‚Ä¶ https://t.co/1jLO5S30wE
11/14/2020,Carlos Cruz,@dogecoin @elonmusk  Thoughts? Dogecoin still cool? https://t.co/5auLunc2EU
